policy_id,year,exposure,actual_loss,predicted_loss,model
POL001420,2019,0.808,0,2655.4253818766,GLM
POL002207,2024,0.818,0,2872.25996888341,GLM
POL001295,2022,0.806,0,2042.1447550597,GLM
POL002845,2023,0.936,0,7869.01770584755,GLM
POL000601,2018,0.61,0,1812.84402148883,GLM
POL000689,2023,0.832,0,10629.6292008982,GLM
POL003961,2024,0.68,0,1460.23440763143,GLM
POL000344,2023,0.707,0,1500.73282718635,GLM
POL001155,2021,0.787,0,1837.59739499904,GLM
POL002831,2020,0.621,0,2074.79555827321,GLM
POL002933,2024,0.861,0,2236.57394599471,GLM
POL003332,2020,0.978,0,2015.84736798389,GLM
POL002126,2018,0.673,54048.15,2329.82372130404,GLM
POL000193,2020,0.903,200,3172.79066067572,GLM
POL003099,2021,0.603,0,1817.83926066499,GLM
POL002307,2021,0.701,0,2458.46860095201,GLM
POL003666,2022,0.924,0,6024.31378538106,GLM
POL003543,2024,0.836,0,1935.47340014143,GLM
POL002151,2020,0.977,0,12269.4277471846,GLM
POL001052,2023,0.893,0,2136.96537274696,GLM
POL000497,2018,0.898,0,2495.44008411007,GLM
POL002538,2024,0.88,0,3835.28656215465,GLM
POL002923,2023,0.999,6587.66,9168.43157521363,GLM
POL000514,2021,0.632,0,2501.11280671407,GLM
POL000551,2023,0.744,0,6443.66786302221,GLM
POL001113,2021,0.783,0,3247.5586112051,GLM
POL002551,2021,0.624,0,4353.16435655422,GLM
POL003049,2023,0.679,3329.31,4481.25092284076,GLM
POL002175,2022,0.833,0,6010.79286418087,GLM
POL000475,2019,0.733,0,1616.37290120324,GLM
POL002145,2020,0.607,0,1406.15552409781,GLM
POL000139,2021,0.631,0,2831.43080743031,GLM
POL002941,2024,0.975,0,2949.61555944973,GLM
POL000256,2020,0.65,0,1740.53417351014,GLM
POL002931,2021,0.756,0,1440.85633285376,GLM
POL001142,2023,0.948,0,4315.72273641942,GLM
POL003969,2023,0.708,0,5887.18806552498,GLM
POL000159,2018,0.689,0,4873.04855539256,GLM
POL002168,2022,0.767,0,1860.95530631333,GLM
POL001338,2021,0.877,0,2831.40737647796,GLM
POL003490,2023,0.9,0,1492.79785784588,GLM
POL002023,2018,0.846,0,8958.00299683467,GLM
POL002929,2019,0.665,0,989.569537156692,GLM
POL000459,2023,0.896,230,5872.80465990405,GLM
POL000542,2024,0.825,0,6092.44598117086,GLM
POL003401,2020,0.738,0,3690.31522585139,GLM
POL002956,2021,0.921,0,2231.37816846872,GLM
POL003428,2024,0.829,0,3238.5149048608,GLM
POL000860,2021,0.961,200,8118.61135809486,GLM
POL001243,2024,0.999,0,5671.66663899655,GLM
POL001388,2023,0.889,0,4820.66484488099,GLM
POL001861,2023,0.997,0,2780.90522178257,GLM
POL001652,2019,0.791,0,3909.76152835945,GLM
POL000396,2024,0.877,0,3920.53151142266,GLM
POL000521,2020,0.861,0,7318.12063407016,GLM
POL001806,2020,0.96,0,5068.90521735297,GLM
POL003832,2021,0.643,0,4447.93248694359,GLM
POL000340,2021,0.81,0,2769.25508730883,GLM
POL002363,2018,0.827,0,3091.11450028003,GLM
POL003532,2024,0.756,51567.07,2725.99482625944,GLM
POL002288,2022,0.872,0,1952.04884789457,GLM
POL000779,2019,0.672,50879.42,1574.22801167439,GLM
POL002758,2023,0.861,0,7541.72430515983,GLM
POL002424,2021,0.937,57055.87,2798.75037774374,GLM
POL001535,2024,0.796,0,1246.1624512457,GLM
POL000559,2020,0.743,0,3990.76037657146,GLM
POL003244,2023,0.988,0,4608.06937805821,GLM
POL003712,2022,0.743,0,2229.07478190183,GLM
POL002566,2021,0.75,0,2097.38930263313,GLM
POL003343,2021,0.789,0,7116.18389608357,GLM
POL000275,2024,0.819,0,5471.8415006182,GLM
POL000017,2023,0.648,0,2837.92993905173,GLM
POL003971,2023,0.79,0,6505.96982540566,GLM
POL000059,2018,0.766,0,4566.77920547719,GLM
POL002894,2022,0.785,0,5635.49487647066,GLM
POL001183,2021,0.964,0,4353.08069083573,GLM
POL003872,2020,0.815,0,2603.0634234854,GLM
POL000751,2022,0.984,0,1431.49629477736,GLM
POL000938,2021,0.823,0,2295.89552849378,GLM
POL002259,2024,0.954,0,3878.89165228912,GLM
POL003862,2020,0.821,0,6996.15804952136,GLM
POL003196,2022,0.616,0,2247.40219868778,GLM
POL003033,2021,0.744,0,1498.3997279252,GLM
POL001963,2018,0.804,0,5380.11378855555,GLM
POL001516,2021,0.652,0,1463.86535961023,GLM
POL000009,2018,0.695,0,1912.92514009101,GLM
POL002960,2019,0.907,0,5415.04986795597,GLM
POL002067,2024,0.607,0,3270.91102113028,GLM
POL001806,2023,0.892,0,4645.77571090657,GLM
POL003875,2023,0.731,0,1475.95110345436,GLM
POL002946,2023,0.679,0,3072.3880492964,GLM
POL000547,2023,0.958,0,1461.83450162276,GLM
POL000046,2020,0.859,23066.87,12468.7784320048,GLM
POL003268,2022,0.949,0,9211.51948506592,GLM
POL003250,2018,0.805,0,3916.87120176908,GLM
POL000507,2018,0.733,0,2034.32263960208,GLM
POL002394,2024,0.808,0,4155.54117106995,GLM
POL003110,2023,0.9,63739.6,7860.71691364948,GLM
POL003846,2021,0.926,0,1502.30761832068,GLM
POL001282,2021,0.898,0,4849.9273398254,GLM
POL000083,2020,0.74,0,3001.68414580901,GLM
POL003869,2019,0.632,0,1065.77197454902,GLM
POL003082,2022,0.895,0,1327.23958891865,GLM
POL000057,2024,0.968,0,4535.8078336173,GLM
POL002743,2023,0.72,0,4891.01032705481,GLM
POL001283,2021,0.975,0,3571.37105093254,GLM
POL001336,2018,0.64,0,6471.59451395962,GLM
POL000052,2022,0.953,36946.5,5231.06394728349,GLM
POL003761,2021,0.729,0,1961.67664290404,GLM
POL002783,2024,0.775,0,10033.3183933429,GLM
POL003801,2022,0.887,0,2523.03751316953,GLM
POL001278,2021,0.654,0,4201.13692347919,GLM
POL002602,2021,0.876,0,3889.84506733905,GLM
POL003184,2020,0.856,0,11602.0178272788,GLM
POL003355,2023,0.946,0,7380.210482126,GLM
POL000726,2024,0.84,0,889.046455852549,GLM
POL001578,2019,0.83,0,1726.1371506739,GLM
POL003109,2021,0.843,0,2808.25333995444,GLM
POL003856,2020,0.734,0,2198.06047602259,GLM
POL003526,2023,0.717,0,4225.29521017292,GLM
POL001036,2023,0.819,0,2677.94204221401,GLM
POL003675,2024,0.753,0,3339.41983576973,GLM
POL000230,2020,0.81,0,7755.44028396917,GLM
POL002218,2021,0.824,0,5094.74616028597,GLM
POL003558,2018,0.638,0,1238.18695399098,GLM
POL002819,2024,0.634,0,2808.7135214317,GLM
POL002529,2022,0.658,0,6544.84773109303,GLM
POL000525,2021,0.804,0,8263.62385327992,GLM
POL000859,2022,0.737,0,1531.61880284323,GLM
POL002839,2023,0.9,0,4855.30439358333,GLM
POL003164,2019,0.64,0,828.164632810128,GLM
POL001065,2022,0.85,0,5851.65451379153,GLM
POL003936,2019,0.668,0,1247.04568872,GLM
POL002388,2023,0.635,0,3096.05596069644,GLM
POL001613,2021,0.897,0,2923.24973678088,GLM
POL002473,2024,0.92,0,2499.13579430667,GLM
POL001558,2019,0.948,0,6960.7356453035,GLM
POL000880,2023,0.985,0,4140.87469348788,GLM
POL003345,2021,0.656,0,7814.73364862038,GLM
POL002621,2021,0.748,0,3739.80741853991,GLM
POL001045,2021,0.619,0,3168.26114294054,GLM
POL000704,2020,0.977,0,3472.10801865492,GLM
POL001904,2018,0.641,0,3288.28835740069,GLM
POL003957,2024,0.976,0,1867.09359968286,GLM
POL002232,2023,0.683,0,3902.23801354044,GLM
POL001055,2018,0.643,3582.27,4497.15612301358,GLM
POL000381,2022,0.964,0,2136.7420760975,GLM
POL001961,2023,0.636,0,2991.49547126073,GLM
POL002134,2021,0.693,0,3523.80078109879,GLM
POL001802,2023,0.927,0,3013.53791137986,GLM
POL003611,2022,0.9,0,3909.45464716859,GLM
POL002551,2023,0.841,0,5806.94927082917,GLM
POL001264,2024,0.636,200,1970.73481237805,GLM
POL001938,2020,0.667,0,1230.9728050674,GLM
POL002717,2019,0.606,0,4990.54361530747,GLM
POL002381,2024,0.818,0,1319.3049851711,GLM
POL002176,2023,0.981,0,5084.72999853231,GLM
POL003724,2020,0.673,0,4417.63618020162,GLM
POL001320,2021,0.742,0,1819.94982210503,GLM
POL001394,2023,0.99,7150.42,6350.35522169164,GLM
POL003747,2018,0.766,0,5484.93154545303,GLM
POL001867,2022,0.709,0,6944.1847957183,GLM
POL000412,2020,0.814,0,1665.35340497685,GLM
POL002641,2022,0.809,7378.72,9145.83851865921,GLM
POL003273,2021,0.848,0,3096.35596768477,GLM
POL001586,2022,0.634,0,3683.09405506003,GLM
POL000686,2019,0.962,0,2570.9987039826,GLM
POL001539,2020,0.987,0,4296.89415001515,GLM
POL002380,2021,0.745,0,2832.23400012894,GLM
POL000327,2019,0.777,0,973.125711739571,GLM
POL001532,2020,0.839,0,5699.01539520747,GLM
POL001544,2021,0.952,0,3619.00645723545,GLM
POL000294,2024,0.864,0,9428.07941108124,GLM
POL001347,2023,0.831,0,4291.02194727626,GLM
POL002471,2020,0.804,0,2802.77191726861,GLM
POL001222,2019,0.813,0,2718.57100661889,GLM
POL000137,2021,0.658,0,2588.83532853893,GLM
POL000144,2023,0.846,0,5050.757677532,GLM
POL002559,2023,0.971,0,2724.2130096737,GLM
POL001888,2022,0.719,0,2819.41225955228,GLM
POL001151,2023,0.686,0,2182.89366110303,GLM
POL003783,2024,0.982,0,11251.3568945579,GLM
POL000360,2019,0.72,0,3880.5644924781,GLM
POL000615,2023,0.818,0,3378.96693158987,GLM
POL003618,2021,0.766,0,1740.14125449414,GLM
POL002411,2023,0.878,0,4713.34505559405,GLM
POL001183,2019,0.812,0,3695.95495901853,GLM
POL002391,2023,0.862,0,4864.66455434993,GLM
POL003288,2018,0.789,6142.15,6516.54634756778,GLM
POL003892,2020,0.688,0,1664.10506016048,GLM
POL000089,2022,0.746,0,2312.67962943005,GLM
POL000345,2022,0.722,0,2817.60611768365,GLM
POL001499,2022,0.996,0,6967.95511300002,GLM
POL000903,2021,0.94,0,3282.33146250774,GLM
POL003070,2023,0.795,0,2732.62032156817,GLM
POL002172,2023,0.867,0,1956.93885077668,GLM
POL002694,2024,0.889,0,9818.47145147907,GLM
POL003154,2019,0.86,0,3054.38894688779,GLM
POL002640,2018,0.797,0,5840.23370935003,GLM
POL003671,2023,0.988,0,3940.02171171746,GLM
POL001691,2023,0.946,13196.77,5168.24309970214,GLM
POL000642,2020,0.919,0,2458.40167176376,GLM
POL001663,2022,0.619,0,1733.76040988147,GLM
POL001538,2020,0.681,0,1999.26470042268,GLM
POL003072,2018,0.625,0,2231.32277646811,GLM
POL002261,2020,0.83,0,4299.50894807097,GLM
POL002500,2018,0.783,0,1384.14046106621,GLM
POL002031,2023,0.746,0,1441.78889881134,GLM
POL002156,2021,0.934,58435.34,2885.82108518221,GLM
POL001723,2023,0.868,0,4633.48792080924,GLM
POL003583,2019,0.687,0,5448.01186137926,GLM
POL001219,2024,0.964,0,5869.26691466305,GLM
POL001920,2021,0.615,0,7544.97119946724,GLM
POL000634,2023,0.79,0,1999.47254604759,GLM
POL001930,2019,0.98,0,3917.20115081473,GLM
POL003074,2021,0.832,0,3237.48098874044,GLM
POL001939,2024,0.918,0,8212.7311088102,GLM
POL001656,2022,0.734,167918.01,3488.20170129134,GLM
POL002402,2022,0.841,0,3436.9934681048,GLM
POL002187,2024,0.939,0,11861.5837338964,GLM
POL002505,2021,0.605,0,4341.31245678733,GLM
POL003070,2021,0.71,0,2468.4743832622,GLM
POL001770,2020,0.804,0,6415.8083316192,GLM
POL003809,2024,0.89,0,4608.3228291908,GLM
POL001236,2019,0.819,0,2154.73663317297,GLM
POL000895,2023,0.906,0,6989.09838695966,GLM
POL002329,2019,0.695,0,2995.97608783222,GLM
POL002986,2021,0.988,0,6473.24428472825,GLM
POL002253,2021,0.768,0,3445.79007985298,GLM
POL000717,2021,0.66,0,4778.79419805737,GLM
POL003987,2021,0.673,0,4035.70181180684,GLM
POL000785,2019,0.833,0,2107.50656686779,GLM
POL001738,2019,0.925,0,5240.44311394494,GLM
POL004000,2019,0.935,0,4048.08527010682,GLM
POL002524,2024,0.802,220436.75,1917.5968426044,GLM
POL003191,2022,0.914,0,1959.96488463895,GLM
POL002175,2021,0.74,0,5331.01160601723,GLM
POL002506,2021,0.764,0,6681.33603258616,GLM
POL000001,2023,0.714,0,2887.02805400009,GLM
POL000363,2024,0.946,0,6629.80938484535,GLM
POL002831,2019,0.953,0,3120.83859354668,GLM
POL001788,2018,0.743,4989.96,4780.8668185095,GLM
POL000420,2022,0.884,0,5755.34907296476,GLM
POL000405,2020,0.917,0,4330.90356169732,GLM
POL001267,2022,0.694,0,4922.90497426387,GLM
POL002762,2024,0.688,0,3096.5157771608,GLM
POL000382,2021,0.86,4839.57,2636.68544602716,GLM
POL000363,2023,0.958,0,6867.03476996678,GLM
POL003078,2023,0.996,0,3596.47814316204,GLM
POL002460,2019,0.674,0,4048.51081715866,GLM
POL001044,2022,0.603,0,1642.63727684422,GLM
POL003700,2021,0.705,0,2706.66786244442,GLM
POL003220,2022,0.692,0,4241.22995080969,GLM
POL001784,2018,0.812,0,2358.31051892129,GLM
POL002216,2020,0.762,0,2207.78820922738,GLM
POL003829,2022,0.865,0,2329.24171233486,GLM
POL002760,2023,0.658,0,1783.36878790807,GLM
POL001644,2021,0.673,0,1878.81048355448,GLM
POL000675,2020,0.677,200,4047.0792097898,GLM
POL003178,2022,0.721,0,1939.06266963738,GLM
POL001075,2019,0.918,0,5071.54627797148,GLM
POL003800,2024,0.842,0,2664.98624409759,GLM
POL002316,2022,0.979,0,2886.72276213565,GLM
POL000410,2023,0.801,0,14738.6891959742,GLM
POL002924,2020,0.805,0,4699.67579507937,GLM
POL003187,2021,0.803,0,1694.76479360916,GLM
POL000247,2022,0.79,0,1560.13498856402,GLM
POL003656,2019,0.888,0,3820.77550465948,GLM
POL000742,2024,0.934,0,8086.36662635976,GLM
POL001170,2018,0.819,0,2981.6591942456,GLM
POL002469,2021,0.713,70873.45,1800.29166769382,GLM
POL002154,2022,0.748,0,1960.58968464564,GLM
POL002737,2019,0.664,0,3328.65582876002,GLM
POL000120,2019,0.62,0,4271.32220140788,GLM
POL001976,2024,0.611,0,2923.92114459702,GLM
POL000616,2023,0.815,0,2981.43252725665,GLM
POL001215,2019,0.945,0,3763.42727042363,GLM
POL002480,2020,0.967,0,3786.24856989226,GLM
POL002028,2023,0.862,0,4373.33572078539,GLM
POL003970,2018,0.972,0,2734.08207390204,GLM
POL003710,2018,0.933,0,3430.51659380561,GLM
POL003296,2022,0.657,0,4763.18315610347,GLM
POL003081,2021,0.932,0,6415.52690772293,GLM
POL001973,2021,0.911,0,12202.1973653858,GLM
POL001671,2022,0.622,0,2139.15178663951,GLM
POL001023,2019,0.722,0,2847.69301747577,GLM
POL000946,2023,0.828,0,4498.70090967514,GLM
POL001967,2019,0.678,0,1292.629097854,GLM
POL000677,2024,0.815,0,1212.75183145034,GLM
POL000609,2019,0.796,0,1803.91194176509,GLM
POL001081,2023,0.777,0,2993.95718315887,GLM
POL002301,2023,0.636,0,6999.91535476099,GLM
POL002145,2018,0.754,0,1676.05382058556,GLM
POL003263,2020,0.684,0,1732.91146694799,GLM
POL003454,2024,0.788,200,5106.3034098937,GLM
POL000026,2019,0.622,0,1560.70428668085,GLM
POL001746,2021,0.862,0,2912.41823306777,GLM
POL000086,2023,0.734,0,5248.749096668,GLM
POL001270,2023,0.733,35622.52,2013.77787736513,GLM
POL000885,2022,0.66,0,1492.12995160766,GLM
POL001796,2021,0.621,0,3174.37222268131,GLM
POL003748,2023,0.877,0,3790.34171116011,GLM
POL001214,2020,0.887,0,1637.71301261145,GLM
POL002379,2023,0.614,0,4010.69019744373,GLM
POL002298,2019,0.882,0,4447.48529592436,GLM
POL001509,2023,0.943,0,3366.57157292803,GLM
POL001223,2022,0.774,0,14369.0400165984,GLM
POL003229,2020,0.799,0,7588.57203475167,GLM
POL001733,2021,0.795,0,3589.58804319939,GLM
POL001443,2020,0.682,0,2262.09347078913,GLM
POL001464,2019,0.806,0,3293.48258892866,GLM
POL002806,2023,0.698,0,6086.06534892213,GLM
POL002008,2018,0.94,0,2268.55253513225,GLM
POL001256,2024,0.986,0,1964.83630452995,GLM
POL002308,2022,0.895,0,4302.8534115046,GLM
POL002695,2021,0.77,0,2303.61691837161,GLM
POL002608,2024,0.713,0,1266.45416262177,GLM
POL001414,2020,0.965,230,2128.52417674366,GLM
POL003564,2020,0.759,0,1662.81069747521,GLM
POL002159,2020,0.837,0,12319.9600622017,GLM
POL002701,2022,0.963,0,2894.40798094361,GLM
POL003387,2021,0.995,0,3450.38196013944,GLM
POL002146,2023,0.756,0,3254.05843252298,GLM
POL000993,2022,0.629,0,4165.40228007242,GLM
POL001072,2020,0.625,0,2894.81082124909,GLM
POL003730,2022,0.627,0,8311.90962602634,GLM
POL000681,2024,0.708,0,4243.73435698736,GLM
POL003979,2019,0.605,0,6776.62200119624,GLM
POL001791,2022,0.724,0,3188.03839151175,GLM
POL000544,2021,0.749,0,6468.99131517485,GLM
POL001353,2020,0.729,0,3652.11688854868,GLM
POL003222,2022,0.809,0,2124.74611325788,GLM
POL002553,2021,0.764,0,2576.73710940456,GLM
POL000291,2020,0.971,0,8688.04019112953,GLM
POL003713,2021,0.766,0,5163.48700823668,GLM
POL003023,2020,0.943,9897.32,3621.38256397219,GLM
POL003248,2020,0.641,0,1220.92295749382,GLM
POL002700,2019,0.652,0,2776.33626591209,GLM
POL001969,2022,0.977,0,4308.06288636554,GLM
POL002816,2023,0.925,0,3113.59304308964,GLM
POL002875,2020,0.778,0,3342.03622742305,GLM
POL003371,2019,0.677,0,5968.63034316261,GLM
POL001091,2021,0.775,0,5929.54938196018,GLM
POL003533,2024,0.834,0,5997.63755772843,GLM
POL002438,2018,0.889,0,4832.43641368617,GLM
POL003468,2024,0.833,230,4459.46026544816,GLM
POL003151,2022,0.776,0,4425.92648010967,GLM
POL001561,2021,0.696,0,3064.10493300516,GLM
POL003052,2024,0.663,0,2646.0872542472,GLM
POL000900,2020,0.835,70523.03,1720.17411617023,GLM
POL001150,2023,0.703,0,8176.935538918,GLM
POL003716,2023,0.799,0,6889.40633513836,GLM
POL003412,2020,0.711,0,1791.73360566491,GLM
POL003205,2023,0.797,0,5546.81381926073,GLM
POL001154,2024,0.638,1060.29,1773.02695790785,GLM
POL001826,2018,0.609,0,3430.42095323016,GLM
POL002671,2019,0.743,0,5843.73722607639,GLM
POL000831,2023,0.888,1197.38,2802.22222672212,GLM
POL000479,2024,0.795,0,3848.35629583797,GLM
POL000203,2022,0.648,0,3158.21087280366,GLM
POL001562,2020,0.657,0,2416.79456791922,GLM
POL000150,2024,0.887,0,7405.32213486821,GLM
POL003745,2020,0.794,0,7588.91453592359,GLM
POL000541,2021,0.718,2621.09,3226.92702751468,GLM
POL002988,2024,0.883,0,4817.1681764856,GLM
POL000388,2019,0.751,0,4087.16121459973,GLM
POL002892,2021,0.75,0,1894.45202091649,GLM
POL003433,2021,0.66,0,7339.95604578681,GLM
POL000762,2018,0.872,320717.49,3008.46724167489,GLM
POL001007,2024,0.658,0,4782.86717673032,GLM
POL000326,2020,0.876,0,6739.57705682401,GLM
POL001009,2022,0.981,0,7211.14102979115,GLM
POL001832,2023,0.857,0,12867.8362115531,GLM
POL002142,2018,0.852,0,2510.06953660216,GLM
POL003706,2024,0.794,0,1549.56950155789,GLM
POL002189,2021,0.817,26890.06,5132.83631821394,GLM
POL001533,2023,0.844,0,2680.69694283535,GLM
POL002564,2024,0.899,0,8882.81254534181,GLM
POL003824,2023,0.707,0,2045.90832503193,GLM
POL003193,2020,0.655,200,3138.39894924439,GLM
POL002304,2022,0.814,0,3079.68424697282,GLM
POL000512,2022,0.878,2255.96,2485.56156828171,GLM
POL000540,2023,0.806,0,4972.55798942836,GLM
POL001626,2023,0.635,0,2159.04154777647,GLM
POL002567,2020,0.979,1581.9,7222.52813861581,GLM
POL002973,2021,0.763,0,1573.0610395415,GLM
POL001961,2021,0.929,0,4510.94877391465,GLM
POL000589,2020,0.767,0,2145.76188022943,GLM
POL001395,2020,0.711,0,4712.45065405768,GLM
POL003620,2023,0.96,0,2573.6359483116,GLM
POL003531,2018,0.975,0,6180.64564372586,GLM
POL000913,2024,0.935,0,8276.44998752177,GLM
POL001654,2022,0.939,2651.23,8286.49482542651,GLM
POL003740,2018,0.69,0,2568.9339147886,GLM
POL001817,2020,0.812,0,4016.60338052966,GLM
POL003220,2020,0.622,0,3751.77935454583,GLM
POL003896,2020,0.826,0,5158.31059150342,GLM
POL002054,2019,0.933,0,5076.71832541714,GLM
POL001454,2020,0.846,0,6655.76346796317,GLM
POL002204,2021,0.929,0,2292.30255764923,GLM
POL001990,2022,0.885,0,1787.82397492135,GLM
POL000797,2024,0.935,0,20712.7553953561,GLM
POL002550,2022,0.96,0,7348.20470060538,GLM
POL001230,2020,0.656,0,2462.45877614644,GLM
POL001166,2024,0.898,5068.52,2672.12419743357,GLM
POL002026,2022,0.7,0,8880.86122383658,GLM
POL000180,2024,0.612,0,1042.33853984605,GLM
POL001696,2020,0.804,0,3113.34149760119,GLM
POL000702,2022,0.885,0,2216.80318732767,GLM
POL003395,2020,0.8,0,4580.73345311589,GLM
POL000647,2024,0.853,0,1561.99641913459,GLM
POL002789,2022,0.858,0,3635.59197857831,GLM
POL002767,2020,0.679,70031.66,2072.53824789862,GLM
POL002584,2024,0.676,0,2523.756190331,GLM
POL000543,2019,0.735,0,6316.98246208131,GLM
POL002502,2021,0.676,0,3867.97582270103,GLM
POL002264,2021,0.823,0,6325.18127206404,GLM
POL000679,2020,0.859,0,3200.42682146288,GLM
POL003472,2019,0.985,0,4925.29073802123,GLM
POL000054,2021,0.852,0,4719.93215839233,GLM
POL001299,2020,0.958,0,4677.77207033048,GLM
POL002711,2022,0.926,0,3786.61284588075,GLM
POL003149,2019,0.923,0,4523.8979818557,GLM
POL003419,2021,0.692,0,2032.48245262932,GLM
POL001123,2019,0.95,0,9130.91694977432,GLM
POL001709,2022,0.603,0,6516.43677466389,GLM
POL001286,2020,0.625,0,2709.58604377299,GLM
POL002723,2018,0.648,0,2039.99486915189,GLM
POL003227,2019,0.925,0,5912.42543187109,GLM
POL000252,2022,0.642,0,2322.73601990216,GLM
POL000761,2018,0.628,0,1511.30610605379,GLM
POL002657,2018,0.604,0,4010.48027318189,GLM
POL000691,2021,0.79,0,1496.93959172705,GLM
POL002965,2019,0.772,0,2999.86306552036,GLM
POL001734,2022,0.984,0,4935.36638472375,GLM
POL003727,2020,0.773,0,2879.16050869851,GLM
POL003384,2022,0.632,0,3374.54512511147,GLM
POL001473,2018,0.687,0,2559.12873079932,GLM
POL002075,2024,0.901,1576.18,2068.9374389906,GLM
POL000325,2022,0.802,0,6947.24593467047,GLM
POL003802,2022,0.93,54203.34,13465.4241271494,GLM
POL001449,2022,0.788,0,4196.86347179609,GLM
POL001181,2018,0.909,0,2921.4317116597,GLM
POL000412,2021,0.877,0,1785.13184923702,GLM
POL001856,2019,0.615,0,2477.34165759054,GLM
POL000708,2023,0.881,0,3829.53064953261,GLM
POL002177,2021,0.833,0,4747.62473976311,GLM
POL000665,2021,0.936,0,3283.9108515954,GLM
POL002665,2022,0.924,27999.52,3171.79776064223,GLM
POL000789,2021,0.656,0,3112.59725851664,GLM
POL001005,2024,0.779,0,6493.70090807788,GLM
POL000107,2018,0.951,0,2458.85777121411,GLM
POL000930,2020,0.629,0,2144.03977600232,GLM
POL000670,2021,0.686,0,1208.92956823643,GLM
POL003739,2020,0.669,0,3003.59980316945,GLM
POL003823,2019,0.655,0,1393.26902813558,GLM
POL000670,2022,0.673,0,1172.63212075559,GLM
POL002998,2022,0.968,0,4503.25538232507,GLM
POL001067,2019,0.734,0,2865.18586284903,GLM
POL000586,2020,0.633,0,3758.86317035148,GLM
POL003566,2024,0.874,0,1057.05481593,GLM
POL002768,2021,0.966,12831.7,7331.33432792966,GLM
POL002086,2020,0.722,0,5274.86407128181,GLM
POL002075,2023,0.635,0,1451.74856865395,GLM
POL002973,2020,0.849,0,1752.90591906226,GLM
POL000074,2021,0.621,0,2526.66389945061,GLM
POL000889,2020,0.81,0,5308.32326745658,GLM
POL002320,2022,0.721,0,4962.77926814355,GLM
POL001159,2021,0.922,0,1699.17497218787,GLM
POL001625,2023,0.653,0,1565.96095627606,GLM
POL003675,2023,0.985,0,4410.19148170336,GLM
POL000592,2023,0.725,0,2092.64517042478,GLM
POL003705,2022,0.874,0,10826.2485668158,GLM
POL001496,2024,0.816,0,4104.99204428369,GLM
POL000795,2023,0.688,0,1641.73113719944,GLM
POL001761,2018,0.808,0,4074.22773840119,GLM
POL003371,2018,0.826,0,7329.45988730463,GLM
POL000122,2022,0.7,0,3866.6097175283,GLM
POL001128,2020,0.606,0,1807.53603816702,GLM
POL000886,2019,0.873,0,3836.16471769818,GLM
POL003132,2024,0.636,0,1592.7242080334,GLM
POL003262,2022,0.686,0,4717.43963588858,GLM
POL003067,2018,0.781,0,7026.8271518491,GLM
POL000660,2022,0.771,0,2494.29149262488,GLM
POL001767,2019,0.992,0,5306.08213010424,GLM
POL002222,2020,0.615,3161.51,6359.56481135728,GLM
POL003907,2022,0.705,0,1660.1033954656,GLM
POL001497,2018,0.92,0,3771.34197678176,GLM
POL003539,2023,0.629,0,2886.97799350429,GLM
POL003398,2021,0.984,0,4927.43943797462,GLM
POL002475,2024,0.986,0,13483.0587260355,GLM
POL001084,2019,0.816,13756.86,1617.03927387084,GLM
POL002623,2022,0.69,0,2411.89160232356,GLM
POL001991,2020,0.633,0,2007.90156443575,GLM
POL000449,2021,0.828,0,2994.77223333483,GLM
POL003291,2024,0.785,0,1776.92095714255,GLM
POL001480,2022,0.795,0,1858.66125802752,GLM
POL000976,2021,0.902,0,6057.55666760258,GLM
POL000383,2022,0.662,0,1420.54458835395,GLM
POL000837,2024,0.617,0,6082.22090349739,GLM
POL001609,2020,0.812,0,5451.58435460419,GLM
POL002856,2023,0.61,0,2495.63045834702,GLM
POL001717,2020,0.743,0,1633.94958110148,GLM
POL001382,2023,0.885,336.89,3471.36788332973,GLM
POL001238,2023,0.98,0,2367.58255412871,GLM
POL003498,2020,0.745,0,4638.07036387507,GLM
POL000063,2021,0.613,0,2317.04847881217,GLM
POL000629,2024,0.839,0,4303.80317912497,GLM
POL000336,2020,0.798,0,5037.99713766808,GLM
POL003972,2021,0.968,0,2868.15732990821,GLM
POL003940,2024,0.92,0,7660.87993276054,GLM
POL000015,2018,0.985,0,3137.90278256585,GLM
POL002893,2018,0.984,0,5319.76575518513,GLM
POL000320,2024,0.969,0,6825.35199443172,GLM
POL000623,2019,0.785,0,3266.30120274052,GLM
POL000967,2022,0.653,0,1667.56058059185,GLM
POL002500,2019,0.619,0,1088.18850945761,GLM
POL001590,2019,0.624,0,1683.08516072432,GLM
POL001683,2020,0.785,17351.98,3499.55550585211,GLM
POL000745,2023,0.687,0,2108.32659521872,GLM
POL002952,2020,0.66,0,1636.38172044608,GLM
POL002677,2023,0.876,0,3779.77519905615,GLM
POL003874,2024,0.673,0,1786.32364378338,GLM
POL002364,2020,0.608,0,1554.48611126152,GLM
POL002965,2018,0.945,0,3682.56286874331,GLM
POL002099,2018,0.808,0,1160.45099588162,GLM
POL001986,2024,0.673,0,3020.973606501,GLM
POL001381,2018,0.885,3476.09,1893.62243289999,GLM
POL003232,2018,0.731,0,4670.61660202221,GLM
POL001851,2023,0.648,0,1389.03875090736,GLM
POL002966,2023,0.771,0,1840.14648785055,GLM
POL001179,2020,0.98,4668.63,5935.40407276461,GLM
POL000958,2024,0.846,0,3831.0289657779,GLM
POL001913,2024,0.696,0,3247.95353334282,GLM
POL000563,2023,0.925,0,4138.37621691316,GLM
POL003655,2020,0.998,73355.25,2667.57121983529,GLM
POL000680,2024,0.8,0,4064.60461559139,GLM
POL003974,2019,0.778,0,4306.76727195858,GLM
POL002372,2022,0.796,0,1722.58892201987,GLM
POL000858,2020,0.645,0,4974.20714314058,GLM
POL003618,2020,0.688,0,1577.13058661209,GLM
POL000897,2021,0.681,0,2989.98342246878,GLM
POL002147,2022,0.925,0,2808.13338776191,GLM
POL003613,2022,0.75,0,2623.32890765459,GLM
POL003183,2022,0.603,0,4093.11130694369,GLM
POL001673,2018,0.908,0,8775.13203892988,GLM
POL002892,2020,0.698,0,1708.83833548806,GLM
POL002613,2019,0.903,0,2429.74916168386,GLM
POL003427,2019,0.825,0,6380.15340003865,GLM
POL003818,2021,0.734,0,2747.63080622839,GLM
POL003503,2021,0.78,0,2644.02487047321,GLM
POL000925,2022,0.675,0,3595.63413781567,GLM
POL002571,2019,0.951,200,6572.76338519158,GLM
POL000511,2019,0.873,0,2276.83079124361,GLM
POL003809,2023,0.927,0,4801.57740886338,GLM
POL003416,2019,0.949,0,5335.09853149698,GLM
POL003524,2019,0.974,0,4627.45471218637,GLM
POL003147,2019,0.86,0,2396.54109175885,GLM
POL003239,2019,0.66,0,3081.38469546743,GLM
POL002304,2021,0.637,0,2356.07223060708,GLM
POL003108,2024,0.988,0,2356.76233654625,GLM
POL000688,2018,0.935,0,3807.32576066549,GLM
POL003628,2019,0.687,0,1848.72716716533,GLM
POL003710,2019,0.911,230,3235.59184920813,GLM
POL002269,2020,0.765,0,5137.06586236262,GLM
POL002653,2020,0.695,0,1669.1750573859,GLM
POL002883,2018,0.82,0,3581.83606776982,GLM
POL000740,2018,0.904,0,6004.2236809145,GLM
POL002452,2024,0.785,0,9353.31092131056,GLM
POL003188,2024,0.653,0,3577.12442057387,GLM
POL001685,2019,0.762,0,6235.95512252735,GLM
POL002811,2020,0.805,0,6301.14962150767,GLM
POL002824,2018,0.711,0,3053.56884700113,GLM
POL002563,2024,0.974,0,12460.5879222239,GLM
POL000454,2019,0.874,23330.1,2423.15182677834,GLM
POL002714,2022,0.663,0,4428.48936961196,GLM
POL003550,2022,0.68,0,1764.84062101438,GLM
POL003460,2018,0.95,0,4770.18815859361,GLM
POL002210,2018,0.828,0,2179.90131763683,GLM
POL000816,2020,0.804,0,2657.40149649971,GLM
POL003847,2023,0.826,0,7504.08837776811,GLM
POL003021,2019,0.788,0,14409.640364866,GLM
POL002617,2022,0.731,0,3022.34514096647,GLM
POL003369,2019,0.828,0,3334.70900747466,GLM
POL000578,2024,0.756,0,6642.88059167297,GLM
POL002165,2024,0.985,933.38,3085.55803323041,GLM
POL001728,2024,0.749,0,3206.25551777605,GLM
POL003146,2020,0.921,0,2537.95904156697,GLM
POL001335,2021,0.73,0,4788.25092218257,GLM
POL003394,2024,0.65,0,2763.69165607255,GLM
POL001115,2023,0.654,0,4691.9482798739,GLM
POL002933,2022,0.779,0,2111.06488927305,GLM
POL000708,2021,0.789,0,3428.24354933718,GLM
POL003391,2021,0.894,0,1882.56640690059,GLM
POL000295,2020,0.718,0,4583.52055584242,GLM
POL003407,2020,0.898,0,7251.40314878217,GLM
POL000881,2019,0.86,0,5827.31035265354,GLM
POL001750,2023,0.841,0,2901.59792273893,GLM
POL000127,2020,0.63,9621.06,7003.71355613052,GLM
POL002836,2018,0.721,1698.95,6083.37263526206,GLM
POL002905,2020,0.715,0,3323.60506665661,GLM
POL002622,2022,0.677,0,4286.71397843723,GLM
POL000266,2022,0.847,0,3749.8428236388,GLM
POL003661,2024,0.684,0,1922.71338576028,GLM
POL001726,2019,0.601,0,2238.86835651953,GLM
POL000054,2022,0.737,0,4058.29227649338,GLM
POL003274,2021,0.704,0,2241.83360548268,GLM
POL001651,2019,0.678,0,1747.48067879024,GLM
POL002909,2018,0.619,3168.27,1631.45736573006,GLM
POL001248,2023,0.835,0,6533.45683024701,GLM
POL002498,2022,0.775,0,10121.3485844284,GLM
POL001325,2018,0.711,0,3009.11426698302,GLM
POL002866,2018,0.8,0,3347.79828510199,GLM
POL000562,2021,0.616,0,1782.73381916157,GLM
POL000177,2020,0.919,0,3943.16029938787,GLM
POL002738,2020,0.703,0,1388.83170651045,GLM
POL003267,2020,0.829,0,1918.49112783392,GLM
POL000654,2023,0.923,5100.99,4957.91148609518,GLM
POL002884,2018,0.703,0,8868.30356537727,GLM
POL002366,2018,0.908,0,6497.23825142562,GLM
POL001707,2023,0.619,0,2688.30118136175,GLM
POL002656,2022,0.816,0,5076.87926999453,GLM
POL002548,2024,0.655,0,2750.54958016978,GLM
POL000260,2024,0.7,0,1581.94691948308,GLM
POL000077,2021,0.706,0,1811.3471399244,GLM
POL000387,2018,0.631,0,6765.27429750097,GLM
POL001654,2021,0.863,0,7507.34548598857,GLM
POL003511,2020,0.729,0,6142.33060548796,GLM
POL000371,2023,0.823,45814.66,4718.57236275356,GLM
POL001716,2020,0.693,0,4426.0357453206,GLM
POL002046,2019,0.916,0,4607.15210425317,GLM
POL001735,2022,0.602,0,2076.05848890647,GLM
POL002588,2023,0.603,0,5178.99276609549,GLM
POL000004,2018,0.693,0,967.591014396018,GLM
POL000477,2021,0.72,0,949.888606721472,GLM
POL002274,2018,0.936,0,3921.82498218746,GLM
POL002314,2020,0.798,0,2288.58274236621,GLM
POL002294,2023,0.662,0,3370.85196856512,GLM
POL002272,2020,0.761,19096.8,4566.35023161062,GLM
POL003614,2024,0.945,53654.01,3880.08121157919,GLM
POL001047,2019,0.62,0,2543.11153133074,GLM
POL002953,2020,0.978,0,2327.40935475422,GLM
POL003395,2022,0.657,0,3572.86947433159,GLM
POL001409,2020,0.886,0,4421.60955592495,GLM
POL002941,2022,0.687,0,2160.56283536023,GLM
POL003615,2019,0.681,0,4756.69370088047,GLM
POL003167,2020,0.706,0,7080.2634290708,GLM
POL001727,2020,0.789,0,1457.30699076047,GLM
POL000411,2024,0.813,0,1227.87332511833,GLM
POL002597,2020,0.968,0,2066.12761007938,GLM
POL002617,2023,0.901,0,3655.56288652868,GLM
POL001265,2023,0.955,0,7261.13449706836,GLM
POL002368,2023,0.807,0,4568.64286695757,GLM
POL000626,2019,0.89,0,2600.67297130812,GLM
POL001266,2019,0.991,0,2163.86964989788,GLM
POL001787,2022,0.617,0,2639.97762663993,GLM
POL001023,2022,0.972,0,3666.20844782275,GLM
POL001817,2023,0.602,0,2925.57106556165,GLM
POL000089,2023,0.92,200,2973.16673695436,GLM
POL003111,2020,0.631,0,1395.61405174784,GLM
POL000578,2023,0.747,0,7011.09124683443,GLM
POL002049,2022,0.984,0,2436.55697193696,GLM
POL000305,2021,0.806,0,2187.07740792562,GLM
POL000260,2023,0.969,0,2101.35664539889,GLM
POL001892,2024,0.848,0,2463.18725286258,GLM
POL000844,2023,0.973,45372,9984.24683905047,GLM
POL003121,2018,0.99,0,2877.5125334183,GLM
POL002467,2020,0.829,0,4076.50508341864,GLM
POL002875,2021,0.872,0,3768.71937273237,GLM
POL000569,2023,0.969,0,3698.4096638333,GLM
POL000318,2018,0.892,0,3299.65447025792,GLM
POL002189,2020,0.88,0,5468.40609690498,GLM
POL002001,2019,0.669,0,2431.85801945841,GLM
POL001518,2021,0.686,0,4554.06620362865,GLM
POL001200,2021,0.975,12592.65,7183.63052776071,GLM
POL003892,2021,0.654,0,1585.16063797652,GLM
POL003685,2020,0.967,0,2598.9934325753,GLM
POL001375,2020,0.724,2670.2,3743.50923589027,GLM
POL003461,2020,0.861,0,4429.01157935036,GLM
POL000187,2023,0.978,0,4236.69718713012,GLM
POL002589,2020,0.693,0,10489.3288864042,GLM
POL003544,2024,0.62,0,1857.05800001014,GLM
POL000393,2021,0.666,0,2247.34742790925,GLM
POL001565,2019,0.798,0,4958.83449557029,GLM
POL000918,2021,0.659,0,2939.35123337367,GLM
POL000147,2023,0.993,0,11743.2561016926,GLM
POL002718,2019,0.813,0,8695.14561548405,GLM
POL000021,2022,0.777,0,5136.78663005402,GLM
POL001119,2024,0.638,0,2361.77472384855,GLM
POL000226,2024,0.672,0,3702.57721879348,GLM
POL002329,2022,0.813,0,3533.10309669005,GLM
POL002340,2023,0.684,200,2539.37067303275,GLM
POL003644,2019,0.907,0,2914.09891124387,GLM
POL001474,2019,0.619,0,4111.32673315857,GLM
POL000252,2023,0.687,0,2491.35636273024,GLM
POL003827,2019,0.612,0,3329.85931923752,GLM
POL002496,2021,0.944,0,3332.07924935553,GLM
POL000362,2023,0.824,0,2306.40704474404,GLM
POL001634,2024,0.735,0,9813.76819210016,GLM
POL000773,2023,0.62,0,5065.18604672162,GLM
POL003376,2018,0.626,0,3003.56702297393,GLM
POL000952,2023,0.772,0,5305.25607115442,GLM
POL000881,2020,0.61,0,4118.49874678101,GLM
POL000757,2023,0.749,0,4115.18122365498,GLM
POL003926,2021,0.889,0,1903.52003760087,GLM
POL000557,2020,0.698,0,7670.56893806323,GLM
POL001220,2022,0.647,0,1440.83375205227,GLM
POL000905,2019,0.638,0,3015.90137305138,GLM
POL002391,2024,0.996,2567,5608.15274097374,GLM
POL001165,2020,0.835,0,3361.80008579743,GLM
POL000807,2021,0.79,0,1604.24895381619,GLM
POL001267,2021,0.986,299.97,6841.52344517709,GLM
POL000709,2024,0.866,0,4986.86843153278,GLM
POL003527,2023,0.839,0,6341.66540308229,GLM
POL001140,2023,0.892,0,6064.59502427594,GLM
POL000130,2023,0.97,0,8505.8596348638,GLM
POL001218,2022,0.634,6763.54,4508.49093059112,GLM
POL001630,2021,0.627,0,2229.93892039464,GLM
POL003773,2024,0.73,0,1431.49136069903,GLM
POL002843,2023,0.628,0,3057.98772819883,GLM
POL001019,2020,0.798,0,6204.53791406788,GLM
POL001482,2022,0.809,0,6214.61756303128,GLM
POL000723,2023,0.754,0,3584.91032604341,GLM
POL000100,2022,0.635,0,4431.47355664228,GLM
POL003848,2020,0.825,0,1949.36680607416,GLM
POL001716,2019,0.805,0,5195.67587851484,GLM
POL003117,2020,0.968,0,10753.5449568771,GLM
POL003597,2024,0.799,0,8167.27200895703,GLM
POL000409,2022,0.838,0,2423.11232162566,GLM
POL003309,2021,0.773,0,7585.18522884997,GLM
POL003792,2023,0.667,0,4842.83977342842,GLM
POL001001,2023,0.636,0,1876.95699467797,GLM
POL000517,2021,0.934,200,4605.01281430673,GLM
POL002996,2020,0.804,0,3311.23994953544,GLM
POL000497,2019,0.836,0,2371.66832413257,GLM
POL001792,2019,0.881,0,2792.3300022226,GLM
POL002168,2024,0.782,0,1884.28804565157,GLM
POL000127,2019,0.806,0,8936.27932770011,GLM
POL001323,2022,0.834,0,2039.30490428372,GLM
POL002027,2023,0.743,0,5424.9225175872,GLM
POL002590,2024,0.808,0,5081.88790813273,GLM
POL002380,2022,0.931,0,3489.06372857566,GLM
POL001397,2021,0.911,0,5950.43326644079,GLM
POL000457,2019,0.716,0,1034.7901124317,GLM
POL000955,2019,0.676,0,3118.25887607231,GLM
POL002231,2022,0.985,0,5709.11149201978,GLM
POL001661,2020,0.708,0,5626.34719358148,GLM
POL000771,2019,0.951,0,3557.70196068126,GLM
POL000530,2021,0.926,0,2371.66994137155,GLM
POL001380,2022,0.751,0,5513.0965273703,GLM
POL002197,2020,0.894,0,8606.66544786218,GLM
POL001588,2023,0.968,0,7528.63173850265,GLM
POL001322,2020,0.767,0,1776.44337389483,GLM
POL002163,2022,0.639,0,3765.60341199015,GLM
POL002043,2020,0.748,0,4536.18844686231,GLM
POL002123,2022,0.65,0,3553.89538054171,GLM
POL002181,2023,0.944,0,2769.37354773405,GLM
POL001843,2024,0.714,0,3916.54567393231,GLM
POL001720,2018,0.796,0,2228.10957180142,GLM
POL002951,2020,0.945,0,8469.30375580251,GLM
POL002448,2019,0.979,0,6939.95882251866,GLM
POL003986,2020,0.79,200,3149.07754329137,GLM
POL002030,2019,0.602,0,1073.2097455014,GLM
POL003136,2023,0.75,0,5710.92112548309,GLM
POL002250,2023,0.942,0,2875.77344342329,GLM
POL000692,2021,0.748,0,2727.21075399328,GLM
POL002643,2023,0.605,0,3238.27506898785,GLM
POL000953,2021,0.663,0,2355.34689697994,GLM
POL001678,2021,0.633,0,6124.79871349109,GLM
POL001797,2020,0.889,200,2160.7337987402,GLM
POL002648,2020,0.688,0,2744.95234614906,GLM
POL001348,2018,0.739,0,2678.15235589692,GLM
POL000188,2022,0.883,0,5765.24425283824,GLM
POL000215,2019,0.67,0,3218.80021730153,GLM
POL001587,2024,0.778,21692.41,4029.3897538931,GLM
POL001731,2019,0.876,788.18,2867.54360717952,GLM
POL001407,2022,0.64,0,1715.36896706672,GLM
POL002412,2022,0.844,0,3173.50247214438,GLM
POL003631,2024,0.827,0,4831.97197224295,GLM
POL002792,2022,0.847,0,6289.84647835767,GLM
POL001988,2022,0.901,0,3654.22572272204,GLM
POL001060,2021,0.722,0,1152.52198805713,GLM
POL002619,2021,0.75,0,2212.92041817884,GLM
POL000032,2021,0.61,0,2976.60881901859,GLM
POL000256,2019,0.955,0,2600.35942984433,GLM
POL001408,2018,0.693,2188.68,9564.59856312751,GLM
POL000554,2023,0.776,0,2377.0530123563,GLM
POL002491,2019,0.809,0,6103.78119524231,GLM
POL002926,2020,0.965,0,3049.06880147799,GLM
POL002416,2020,0.834,0,1577.11331280761,GLM
POL003408,2022,0.874,0,2975.52473133298,GLM
POL001321,2024,0.697,0,1219.7482311029,GLM
POL000943,2021,0.731,20096.25,2387.47962700012,GLM
POL000413,2018,0.799,0,5456.93352152904,GLM
POL002413,2022,0.967,0,5811.1553165655,GLM
POL003852,2018,0.667,0,3403.44907065116,GLM
POL003303,2023,0.865,0,3782.63787338076,GLM
POL001488,2021,0.833,7218.56,6190.45871152983,GLM
POL003855,2020,0.812,0,6312.05212541183,GLM
POL002558,2022,0.928,72322.7,3542.18185574143,GLM
POL001276,2018,0.878,0,2703.47473230892,GLM
POL000446,2023,0.947,0,3716.71862549475,GLM
POL000283,2023,0.664,0,2986.21578743848,GLM
POL002844,2022,0.677,0,2779.92537985677,GLM
POL003578,2021,0.882,0,2012.55468559488,GLM
POL000302,2023,0.89,0,3824.24481261838,GLM
POL001512,2018,0.834,0,2155.52099081502,GLM
POL000016,2022,0.889,0,2341.30247974396,GLM
POL000520,2019,0.748,0,13954.82628022,GLM
POL001160,2019,0.82,0,7339.12579233466,GLM
POL002583,2019,0.673,0,1191.76598314292,GLM
POL002659,2019,0.619,0,6824.19305272823,GLM
POL001078,2020,0.991,0,3852.38063264544,GLM
POL002313,2022,0.873,0,6752.87232135889,GLM
POL003975,2019,0.977,0,2269.62278050428,GLM
POL003271,2019,0.824,745.67,2219.95709142339,GLM
POL000582,2023,0.947,5233.32,12619.7282753939,GLM
POL002958,2023,0.633,0,906.122953246392,GLM
POL001502,2024,0.785,200,3123.64317885194,GLM
POL000504,2021,0.668,0,1235.41815227087,GLM
POL002565,2022,0.996,0,10504.9574579657,GLM
POL003372,2023,0.847,0,2534.03731142159,GLM
POL000225,2019,0.641,0,1651.132021488,GLM
POL003900,2018,0.602,1973.99,4349.70346290247,GLM
POL000244,2019,0.996,0,4919.52281670618,GLM
POL003307,2019,0.607,0,2402.23288625583,GLM
POL003851,2018,0.666,0,3380.607616961,GLM
POL002485,2021,0.626,0,8434.55366369293,GLM
POL003468,2023,0.802,0,4311.89546483741,GLM
POL001354,2021,0.828,5648.95,8457.13120774826,GLM
POL002194,2019,0.983,0,3361.83649142378,GLM
POL000483,2018,0.845,0,2028.23819793891,GLM
POL001864,2022,0.89,0,4950.64632124191,GLM
POL001054,2018,0.78,0,1777.79974323271,GLM
POL001932,2023,0.892,3697.61,8799.1730991502,GLM
POL003946,2021,0.618,0,2488.54045828659,GLM
POL001363,2020,0.876,200,1974.71943842806,GLM
POL000979,2023,0.854,100113.9,3536.62707536579,GLM
POL002341,2022,0.605,0,1659.69200139595,GLM
POL002654,2018,0.673,0,4687.76878245434,GLM
POL000943,2022,0.884,0,2867.94445393007,GLM
POL002510,2021,0.656,0,4892.72464750588,GLM
POL002347,2020,0.821,0,3852.25533353474,GLM
POL000971,2021,0.855,0,1842.07751389327,GLM
POL002756,2021,0.879,0,2174.14397989432,GLM
POL001043,2022,0.931,0,2586.26280678382,GLM
POL002522,2022,0.915,18088.15,4967.87754933234,GLM
POL002699,2021,0.802,0,18192.1598117149,GLM
POL002118,2024,0.808,10386.18,1516.58188167271,GLM
POL002052,2019,0.64,0,3630.80563379401,GLM
POL001647,2019,0.98,0,7445.46316267051,GLM
POL000041,2024,0.653,0,2867.79397994755,GLM
POL003129,2023,0.97,0,6809.84367557031,GLM
POL000006,2022,0.964,0,3485.61141197575,GLM
POL001925,2019,0.664,0,2234.0504226369,GLM
POL001100,2023,0.907,21004.33,3117.11917467136,GLM
POL002796,2019,0.937,0,5334.28295939588,GLM
POL001583,2019,0.889,0,4480.11487714254,GLM
POL003414,2023,0.683,0,2524.93245999973,GLM
POL000431,2018,0.61,0,5832.86476663862,GLM
POL000035,2021,0.821,0,8565.32062353509,GLM
POL000699,2024,0.969,0,4421.48147206572,GLM
POL000259,2024,0.627,0,2532.1951413679,GLM
POL000018,2018,0.869,0,1698.74492512842,GLM
POL003464,2021,0.804,0,5063.33930420341,GLM
POL003879,2021,0.82,0,4122.32941929538,GLM
POL000444,2019,0.903,200,2260.70676997351,GLM
POL001719,2024,0.936,0,7757.67418374518,GLM
POL002100,2021,0.834,0,1555.96258315648,GLM
POL000258,2022,0.904,0,2766.01663627396,GLM
POL003483,2020,0.799,0,11224.25127645,GLM
POL002229,2024,0.919,0,8647.86221394743,GLM
POL002476,2022,0.673,0,3351.01536089979,GLM
POL001402,2021,0.603,0,2133.81172232237,GLM
POL000812,2020,0.905,0,2280.27616503944,GLM
POL003886,2020,0.796,0,2327.23286198618,GLM
POL003364,2023,0.832,0,7597.82531125521,GLM
POL002202,2023,0.728,0,4177.12577968309,GLM
POL001659,2020,0.612,0,8200.53043458379,GLM
POL003703,2018,0.871,0,2815.20774287705,GLM
POL000965,2019,0.853,0,4244.61419308758,GLM
POL002475,2021,0.913,35510.98,12522.0582932936,GLM
POL001490,2020,0.603,0,5092.63437978428,GLM
POL003017,2023,0.688,0,1881.72474057449,GLM
POL003991,2021,0.702,0,1678.98830053414,GLM
POL001729,2021,0.852,0,4099.91409005199,GLM
POL001744,2020,0.609,0,2188.47464891576,GLM
POL001405,2020,0.608,0,1280.40600462581,GLM
POL003189,2019,0.836,0,2926.35712248571,GLM
POL002122,2024,0.901,0,3227.73527801887,GLM
POL000155,2023,0.855,11854.32,2617.18088239532,GLM
POL003195,2020,0.777,30394.5,4618.0042739551,GLM
POL001662,2023,0.647,0,2117.55694425341,GLM
POL001201,2018,0.823,0,6915.28025764273,GLM
POL001624,2024,0.778,0,8505.43797572588,GLM
POL001525,2020,0.847,3148.17,10757.5863305196,GLM
POL000645,2022,0.946,6054.19,5319.20089046549,GLM
POL003569,2019,0.859,0,3890.70919873152,GLM
POL002218,2022,0.978,6237.41,6045.82769951032,GLM
POL000375,2020,0.979,0,8393.99028718543,GLM
POL003045,2019,0.673,0,2248.09934575517,GLM
POL002478,2019,0.622,0,2629.27049819048,GLM
POL003709,2020,0.992,0,10727.0511255879,GLM
POL002586,2024,0.727,0,3920.60795611516,GLM
POL003152,2020,0.856,0,2366.58205425626,GLM
POL003292,2022,0.701,0,1569.41913102143,GLM
POL000410,2022,0.901,30200.13,17095.9618114918,GLM
POL002526,2021,1,0,6703.38221188197,GLM
POL002852,2021,0.759,0,1398.45250580996,GLM
POL002240,2024,0.703,0,18770.1778387134,GLM
POL000840,2022,0.733,0,13030.2311475948,GLM
POL002595,2019,0.682,0,3056.41426421991,GLM
POL000703,2020,0.654,0,5307.93218041132,GLM
POL001010,2020,0.729,0,4859.09246722428,GLM
POL001036,2024,0.614,0,2014.11390439998,GLM
POL001330,2024,0.624,0,2399.55242978024,GLM
POL001276,2019,0.804,0,2477.02071292633,GLM
POL003735,2023,0.887,0,2338.72231441274,GLM
POL000214,2019,0.737,0,1446.67556200084,GLM
POL001832,2022,0.89,0,13539.8950857752,GLM
POL002499,2020,0.788,0,1655.38424374998,GLM
POL000624,2021,0.965,0,6016.4120277488,GLM
POL000611,2018,0.672,0,3331.47043127773,GLM
POL002288,2023,0.671,1018.25,1531.32693030763,GLM
POL001478,2022,0.78,0,1757.62694444463,GLM
POL002624,2023,0.996,0,7676.83639185609,GLM
POL001888,2023,0.922,200,3553.97071697951,GLM
POL001369,2022,0.934,0,6350.27566855948,GLM
POL001628,2023,0.754,4610.37,2666.4618921738,GLM
POL000409,2024,0.89,26515.52,2582.26793124644,GLM
POL001242,2020,0.991,0,3209.35974692568,GLM
POL003366,2020,0.774,0,4386.89763566255,GLM
POL002741,2021,0.612,5443.36,5098.48959463881,GLM
POL000901,2019,0.653,0,4316.63911672071,GLM
POL002514,2019,0.799,0,2044.24504903776,GLM
POL001202,2023,0.711,0,1651.17152110284,GLM
POL002526,2020,0.942,0,6262.46574700286,GLM
POL001616,2021,0.788,0,2502.06450433991,GLM
POL001484,2024,0.851,0,5267.79188648415,GLM
POL001182,2019,0.757,0,2071.53058643109,GLM
POL000985,2018,0.899,9261.82,4155.4680395582,GLM
POL000950,2022,0.745,0,4191.12097839302,GLM
POL003687,2018,0.711,0,1676.59745069111,GLM
POL000170,2023,0.914,25974.22,1906.89902603099,GLM
POL001169,2023,0.831,0,3360.68857350162,GLM
POL003084,2018,0.814,0,2799.88107350235,GLM
POL001447,2021,0.989,0,4104.87161125955,GLM
POL002270,2022,0.927,0,7364.1870004021,GLM
POL002108,2020,0.809,0,5277.06352205035,GLM
POL001702,2023,0.888,0,8026.11670338992,GLM
POL000084,2023,0.818,103267.48,1076.51901178138,GLM
POL002583,2020,0.657,0,1186.50375767502,GLM
POL002228,2022,0.825,0,2963.288085707,GLM
POL000593,2020,0.642,0,877.314246831537,GLM
POL002139,2024,0.784,0,3110.48845058224,GLM
POL003998,2019,0.887,0,3675.56194778113,GLM
POL000858,2021,0.997,0,7445.47057027311,GLM
POL002040,2023,0.975,10872.08,3404.20822687008,GLM
POL002256,2024,0.866,1201.42,6111.43199503687,GLM
POL002444,2018,0.68,0,1377.63356288644,GLM
POL001541,2023,0.786,0,2517.7616315208,GLM
POL002032,2023,0.83,0,2747.20076710545,GLM
POL001173,2020,0.627,0,4169.23660535798,GLM
POL003425,2022,0.913,0,9796.11274815408,GLM
POL003599,2023,0.75,0,1879.61813167041,GLM
POL001281,2021,0.919,0,5127.42558142713,GLM
POL003723,2023,0.963,0,7587.52967320534,GLM
POL001437,2020,0.686,0,1332.03486570511,GLM
POL001135,2019,0.764,68118.98,6017.89212511325,GLM
POL001040,2023,0.785,0,2247.53288652754,GLM
POL002078,2020,0.813,0,3187.95988438917,GLM
POL002947,2021,0.854,0,1696.82742219097,GLM
POL000815,2018,0.799,0,1830.74646687424,GLM
POL002857,2022,0.809,0,2773.47492091451,GLM
POL000202,2020,0.798,0,3334.96543259407,GLM
POL003395,2021,0.788,0,4350.80147041739,GLM
POL003408,2023,0.91,0,3091.4024606662,GLM
POL001219,2022,0.864,0,5298.23127326792,GLM
POL003954,2023,0.724,0,4728.79060153018,GLM
POL000104,2020,0.846,0,4513.62908544588,GLM
POL001095,2020,0.854,0,4134.11283177288,GLM
POL000037,2023,0.988,0,7368.26507708121,GLM
POL002455,2021,0.78,0,3906.91525272624,GLM
POL002220,2020,0.923,0,5442.2109211052,GLM
POL002686,2021,0.644,0,2657.8972823111,GLM
POL001814,2023,0.949,0,1805.4521833971,GLM
POL000865,2022,0.73,0,2332.29246391965,GLM
POL002778,2023,0.602,0,926.031428056719,GLM
POL001360,2021,0.88,0,37860.2554494419,GLM
POL000321,2024,0.713,0,6234.42831691498,GLM
POL003359,2021,0.889,0,3564.45342356324,GLM
POL001943,2024,0.708,0,3568.45716209605,GLM
POL000039,2023,0.739,0,2583.3052570419,GLM
POL002106,2024,0.814,0,5123.89952682072,GLM
POL003738,2021,0.658,0,1502.62394526358,GLM
POL000392,2024,0.965,0,3761.21185779615,GLM
POL002917,2019,0.831,0,2684.9910184778,GLM
POL001278,2022,0.823,0,5297.89505783268,GLM
POL000781,2020,0.723,0,2502.34709872854,GLM
POL002085,2024,0.787,0,2138.45662757651,GLM
POL002902,2023,0.95,0,4290.41509830228,GLM
POL002589,2021,0.857,0,11707.2549475585,GLM
POL001467,2024,0.785,0,5580.58288600734,GLM
POL001178,2022,0.748,0,5075.75734616781,GLM
POL003869,2021,0.831,0,1360.08017636972,GLM
POL002558,2021,0.906,0,3431.47778200248,GLM
POL002209,2021,0.895,0,1577.16807348512,GLM
POL003164,2020,0.976,0,1271.49206943615,GLM
POL000471,2022,0.749,0,2217.79865848589,GLM
POL003523,2020,0.992,0,3803.40855277238,GLM
POL003856,2019,0.701,2865.71,2114.86743248993,GLM
POL001290,2021,0.827,0,2684.61249818508,GLM
POL002644,2018,0.708,1287.57,869.95449243929,GLM
POL003331,2022,0.893,0,3538.20929074636,GLM
POL000970,2021,0.768,0,9642.07724059648,GLM
POL000989,2023,0.915,0,3437.30062899405,GLM
POL003891,2022,0.645,0,2022.83011384381,GLM
POL002343,2021,0.966,0,3114.65175647336,GLM
POL002919,2022,0.724,0,5502.16056923021,GLM
POL003363,2019,0.997,0,2922.25910753018,GLM
POL002233,2021,0.704,0,2044.92277289274,GLM
POL001644,2022,0.636,0,1772.2349561984,GLM
POL003784,2018,0.86,0,4551.26671668123,GLM
POL002545,2023,0.831,0,2437.72792189478,GLM
POL000970,2022,0.898,0,11008.1623767413,GLM
POL002037,2024,0.831,0,2920.65568886435,GLM
POL001374,2022,0.785,0,4041.0105226875,GLM
POL002043,2019,0.923,0,5621.46262913863,GLM
POL003137,2020,0.671,0,2101.68386421826,GLM
POL001514,2021,0.996,9109.07,4016.02699688291,GLM
POL001722,2023,0.907,0,4465.23208654344,GLM
POL000108,2022,0.634,0,2514.74951235083,GLM
POL000155,2024,0.934,0,2855.28674673135,GLM
POL001510,2023,0.768,0,2286.10126052533,GLM
POL002346,2023,0.745,0,6835.30518772682,GLM
POL001861,2024,0.816,0,2284.36834736046,GLM
POL000258,2021,0.996,0,3054.13287771072,GLM
POL001999,2020,0.854,0,2909.81827980168,GLM
POL001706,2022,0.938,0,2653.33138890599,GLM
POL001933,2022,0.816,0,2793.96703683271,GLM
POL000986,2019,0.716,0,3757.44633310009,GLM
POL000997,2020,0.895,0,5152.03492287518,GLM
POL001122,2020,0.702,0,4856.48965527075,GLM
POL003483,2021,0.988,200,14562.4000485093,GLM
POL002225,2019,0.92,0,2163.9458901591,GLM
POL002783,2023,0.795,0,9988.75028155575,GLM
POL003985,2018,0.85,200,4589.92259903221,GLM
POL002724,2020,0.689,200,4386.41744846532,GLM
POL001755,2023,0.81,0,3178.10286627169,GLM
POL001022,2019,0.916,12743.19,8235.1133473494,GLM
POL000225,2021,0.668,0,1657.12208737589,GLM
POL000238,2024,0.796,0,3507.3099118544,GLM
POL002826,2020,0.905,200,4622.23384949405,GLM
POL000866,2024,0.676,0,3060.44252821473,GLM
POL000467,2018,0.887,0,5764.63842035206,GLM
POL002903,2018,0.785,0,7308.26119584772,GLM
POL003252,2022,0.735,14344.81,2103.0002955045,GLM
POL000993,2021,0.739,0,4884.34683468524,GLM
POL000826,2020,0.733,0,3205.0682148234,GLM
POL002699,2022,0.965,0,21553.1640103946,GLM
POL000558,2020,0.659,0,1641.0396983798,GLM
POL002801,2018,0.874,0,2849.15930257525,GLM
POL001037,2019,0.966,200,5276.77224761546,GLM
POL001730,2024,0.932,4323.3,5860.85988583262,GLM
POL002178,2024,0.654,0,1989.45316057907,GLM
POL000163,2021,0.942,0,3456.79571608752,GLM
POL000066,2023,0.653,0,3193.9271565963,GLM
POL002930,2019,0.698,0,1589.32394176484,GLM
POL002048,2019,0.712,0,3323.47579693275,GLM
POL001763,2023,0.633,0,3272.44079712455,GLM
POL003484,2024,0.833,0,1820.45465545977,GLM
POL003762,2020,0.666,0,1723.95091645711,GLM
POL001770,2019,0.884,0,6781.05956477115,GLM
POL003769,2019,0.635,0,1731.91899768803,GLM
POL001729,2022,0.757,0,3717.59343407558,GLM
POL001924,2019,0.7,0,1124.94179329156,GLM
POL003281,2022,0.843,0,11541.0323404376,GLM
POL003666,2023,0.899,0,5574.12190519446,GLM
POL001212,2020,0.939,0,6820.44879067381,GLM
POL002520,2021,0.751,0,3828.06327153362,GLM
POL003508,2019,0.698,0,5028.65937049702,GLM
POL003356,2024,0.604,0,2496.97326677068,GLM
POL001543,2019,0.813,0,1956.92056964244,GLM
POL000142,2023,0.944,0,4111.39188577936,GLM
POL003166,2024,0.719,0,4697.37171068996,GLM
POL003309,2020,0.946,0,9328.01956387572,GLM
POL002430,2024,0.624,0,1003.88916984605,GLM
POL002524,2022,0.83,0,2038.78950935122,GLM
POL003413,2019,0.715,7065.63,1083.11060451675,GLM
POL001974,2021,0.824,0,1233.71925400845,GLM
POL002703,2018,0.864,0,1290.69720522999,GLM
POL001390,2020,0.605,0,6489.8725366524,GLM
POL001193,2019,0.649,0,2632.84176270226,GLM
POL000376,2020,0.972,0,9239.55848717179,GLM
POL003535,2019,0.702,0,8315.61610070532,GLM
POL001132,2018,0.934,0,3859.77968112333,GLM
POL000219,2020,0.677,0,1593.26643326563,GLM
POL001936,2020,0.719,0,3706.82093068093,GLM
POL003427,2020,0.604,12856.91,4573.25431497713,GLM
POL003115,2018,0.75,0,2674.84336151251,GLM
POL000738,2019,0.754,0,7202.9928405445,GLM
POL000047,2019,0.768,38778.46,20561.9873944751,GLM
POL002891,2022,0.751,0,2228.90403878412,GLM
POL001679,2023,0.741,0,4349.74837081513,GLM
POL000329,2020,0.831,0,3429.82971384961,GLM
POL001886,2018,0.658,0,3411.29357647337,GLM
POL001815,2020,0.973,0,9846.27016980521,GLM
POL002776,2023,0.608,0,1739.47449046706,GLM
POL000336,2021,0.768,0,4728.09815716583,GLM
POL000701,2024,0.634,204720.7,2455.01076617862,GLM
POL003145,2023,0.918,0,995.775824570216,GLM
POL003534,2024,0.87,35351.24,6752.26411177427,GLM
POL003713,2023,0.928,0,6239.40206684353,GLM
POL003442,2023,0.973,0,3265.02808418995,GLM
POL000801,2020,0.857,0,3166.92423376647,GLM
POL002704,2020,0.908,0,4986.68480893979,GLM
POL000357,2020,0.709,0,3612.44252582563,GLM
POL002857,2020,0.958,0,3263.20722431477,GLM
POL002874,2023,0.725,0,5453.72354795351,GLM
POL000220,2020,0.914,0,6149.04734246463,GLM
POL000611,2021,0.817,0,4016.40729760528,GLM
POL000893,2024,0.631,0,1503.89122471718,GLM
POL002470,2021,0.72,0,4119.10910251949,GLM
POL000750,2020,0.744,0,5736.00561472296,GLM
POL001653,2022,0.925,0,4528.12489433835,GLM
POL000781,2019,0.744,0,2550.27246013594,GLM
POL000571,2021,0.641,0,1604.94375184602,GLM
POL000600,2023,0.905,0,4793.63689195849,GLM
POL003135,2020,0.643,0,1668.26998560134,GLM
POL002336,2020,0.641,0,1257.22500829326,GLM
POL001705,2021,0.841,0,3398.44903684973,GLM
POL003374,2018,0.651,0,2689.12590192007,GLM
POL001873,2023,0.718,0,3194.05988993478,GLM
POL002956,2022,0.622,0,1503.28482785046,GLM
POL003852,2019,0.742,0,3713.40065370607,GLM
POL002318,2023,0.926,0,4556.32699840921,GLM
POL000317,2021,0.855,0,2443.62749874772,GLM
POL000541,2020,0.93,0,4198.09152450929,GLM
POL000495,2018,0.61,0,5717.28106891599,GLM
POL000646,2021,0.835,0,3419.04363611649,GLM
POL002229,2023,0.729,0,6846.06663742828,GLM
POL002055,2021,0.817,0,2385.30247427235,GLM
POL001992,2024,0.9,0,4667.73684782163,GLM
POL002353,2024,0.758,0,8513.85790807614,GLM
POL003507,2024,0.736,0,2942.85262971745,GLM
POL001946,2021,0.722,0,4565.48511776395,GLM
POL002017,2024,0.86,0,3746.46304167943,GLM
POL001374,2021,0.853,0,4208.97899991229,GLM
POL001620,2024,0.935,62558.19,2564.2368969444,GLM
POL001522,2018,0.652,0,4756.90118772453,GLM
POL003557,2023,0.688,6977.37,8367.60890636327,GLM
POL000042,2020,0.952,0,6820.62204612873,GLM
POL002642,2022,0.654,0,3691.67919738386,GLM
POL003265,2019,0.728,0,2536.7214351593,GLM
POL000213,2024,0.619,0,5349.90163435726,GLM
POL002166,2020,0.633,0,2063.07107530397,GLM
POL000964,2023,0.602,0,1922.91908436854,GLM
POL002034,2020,0.703,0,10625.1516624247,GLM
POL000353,2022,0.872,0,3236.46305369383,GLM
POL000838,2019,0.652,230,2134.25365889497,GLM
POL002392,2020,0.883,0,3501.26017484205,GLM
POL003853,2022,0.68,0,1616.80917478089,GLM
POL001174,2018,0.785,0,1294.89962663949,GLM
POL001775,2020,0.824,0,4159.88787718645,GLM
POL002457,2019,0.861,0,2370.64219168015,GLM
POL002308,2021,0.71,0,3455.0799630451,GLM
POL003462,2024,0.997,0,3645.00224362208,GLM
POL000736,2024,0.966,0,7838.60164637661,GLM
POL003014,2022,0.686,0,5724.35974536451,GLM
POL002926,2021,0.726,0,2358.26600097401,GLM
POL002990,2024,0.659,0,3838.23165901203,GLM
POL001984,2022,0.95,0,6227.73234536871,GLM
POL000568,2022,0.792,0,5391.16888998071,GLM
POL003884,2024,0.896,0,1917.16234625578,GLM
POL000766,2020,0.832,0,2457.92380759466,GLM
POL000512,2023,0.743,0,2094.20154726413,GLM
POL000969,2019,0.913,958.21,5001.03703641261,GLM
POL003503,2020,0.668,0,2299.02153486082,GLM
POL000058,2023,0.676,0,2264.33560338242,GLM
POL002356,2022,0.85,0,10597.9925848281,GLM
POL002582,2024,0.745,0,2279.92342821487,GLM
POL001793,2022,0.732,31436.53,3225.1786146957,GLM
POL001003,2023,0.625,0,4657.94296392169,GLM
POL003630,2022,0.696,0,3586.26442806983,GLM
POL003506,2018,0.844,0,1693.09416557399,GLM
POL003480,2022,0.793,9750.11,10230.6708088445,GLM
POL001735,2021,0.946,0,3388.53700810499,GLM
POL001143,2018,0.612,0,3791.05270338195,GLM
POL003392,2021,0.996,0,13825.2317447767,GLM
POL000453,2021,0.622,0,2470.81696189541,GLM
POL001549,2022,0.847,0,3326.14444606092,GLM
POL000249,2022,0.78,0,3554.15019608932,GLM
POL002950,2022,0.614,0,2876.32606031879,GLM
POL003817,2020,0.969,0,9508.41519876535,GLM
POL000635,2022,0.97,0,3399.28267756032,GLM
POL003949,2018,0.685,0,5337.95187454375,GLM
POL003366,2021,0.9,0,4982.52766692379,GLM
POL003697,2022,0.613,0,2637.7338268211,GLM
POL002949,2021,0.819,0,2959.10045016951,GLM
POL000940,2021,0.711,0,3499.44643890932,GLM
POL001629,2018,0.954,0,2096.13423481249,GLM
POL002005,2018,0.756,0,4896.83343064786,GLM
POL000825,2020,0.792,0,8299.0334511624,GLM
POL002239,2021,0.679,0,7155.43216529047,GLM
POL001400,2021,0.992,0,5198.00546647663,GLM
POL001430,2019,0.813,0,2494.34397379782,GLM
POL002046,2021,0.641,0,3240.47293522506,GLM
POL001805,2020,0.808,5627.02,1828.65862225973,GLM
POL000682,2022,0.919,0,6018.12724819258,GLM
POL002933,2023,0.631,0,1666.70199341748,GLM
POL002588,2022,0.852,0,7374.5901719132,GLM
POL000134,2024,0.725,0,5943.85352736859,GLM
POL001909,2020,0.611,0,4194.13613265829,GLM
POL003289,2020,0.777,0,2631.01055917172,GLM
POL003569,2020,0.71,0,3249.02088140823,GLM
POL000199,2021,0.89,0,5508.09315558123,GLM
POL001694,2023,0.926,29812.46,4863.31351705438,GLM
POL003475,2024,0.725,0,4373.84090869549,GLM
POL003492,2020,0.749,0,1057.11958641071,GLM
POL000591,2021,0.914,0,7043.51202535861,GLM
POL002485,2024,0.793,0,10623.4059576479,GLM
POL000812,2021,0.684,0,1762.87081610929,GLM
POL002003,2023,0.709,0,2872.28297184771,GLM
POL001347,2021,0.927,0,4778.27931591662,GLM
POL003764,2024,0.986,0,3697.28878986293,GLM
POL000079,2022,0.95,0,5539.14872378632,GLM
POL000196,2024,0.981,0,6850.92027888605,GLM
POL002036,2022,0.754,0,5393.62555263882,GLM
POL000756,2018,0.982,13356.66,2800.76792002035,GLM
POL003024,2022,0.732,0,8776.75610983567,GLM
POL003127,2021,0.838,0,2630.5243082542,GLM
POL000229,2022,0.705,0,2063.84973595294,GLM
POL003026,2023,0.732,0,1676.26222654819,GLM
POL002988,2023,0.997,0,5450.68453747061,GLM
POL003931,2019,0.909,2985.69,2352.93362780449,GLM
POL000191,2020,0.947,0,6465.02526125957,GLM
POL000792,2023,0.751,0,1324.30341007139,GLM
POL001945,2022,0.995,0,2669.60909126606,GLM
POL002881,2020,0.739,53803.17,4793.1675025199,GLM
POL000622,2021,0.624,0,1109.54091005299,GLM
POL002239,2022,0.8,0,8389.03888660035,GLM
POL001338,2022,0.996,0,3229.12321634892,GLM
POL002791,2023,0.799,25437.55,6800.04490692901,GLM
POL000433,2021,0.744,0,3382.9232068571,GLM
POL002706,2019,0.77,0,5296.04530924197,GLM
POL002260,2021,0.932,0,3037.28188648142,GLM
POL003396,2024,0.679,8518.3,1149.7746652148,GLM
POL002551,2022,0.721,0,5068.3080850743,GLM
POL003802,2021,0.969,0,13792.3959283967,GLM
POL001158,2024,0.872,0,1743.32647792061,GLM
POL003621,2022,0.627,0,2903.25474162766,GLM
POL000694,2022,0.682,0,9965.2507284119,GLM
POL001915,2024,0.762,0,3401.58746352225,GLM
POL002833,2024,0.637,0,4095.48940321015,GLM
POL003765,2024,0.611,0,4388.50104166172,GLM
POL001635,2021,0.847,0,5000.57704316372,GLM
POL002600,2024,0.656,0,3117.42153603781,GLM
POL002462,2020,0.927,0,5742.94362315732,GLM
POL001219,2023,0.73,0,4456.97488885661,GLM
POL000408,2022,0.985,0,8327.68441792286,GLM
POL003883,2023,0.819,0,5933.59347132989,GLM
POL000164,2018,0.847,0,3063.74468140005,GLM
POL003439,2018,0.836,0,1355.87538323696,GLM
POL003399,2022,0.709,0,4848.7566097791,GLM
POL002325,2024,0.863,0,2609.65203687665,GLM
POL003781,2023,0.942,53103.84,6234.97292747617,GLM
POL003822,2023,0.699,0,1484.60862962702,GLM
POL002737,2020,0.895,0,4578.9423671651,GLM
POL003830,2022,0.768,0,1927.69316582478,GLM
POL001681,2020,0.848,0,2065.77300946871,GLM
POL003301,2023,0.708,0,7472.11368572174,GLM
POL001634,2023,0.842,0,11075.2357575035,GLM
POL001649,2018,0.669,0,1788.64673140372,GLM
POL000791,2019,0.763,0,1157.4303948713,GLM
POL002284,2024,0.718,6770,1499.32225106738,GLM
POL002947,2022,0.661,0,1295.90283267884,GLM
POL003549,2022,0.858,10557.32,4605.98023215984,GLM
POL002090,2023,0.622,0,3395.81548843044,GLM
POL002611,2020,0.719,3373.76,2535.67687070123,GLM
POL002434,2020,0.911,4859.94,2684.39256777926,GLM
POL001573,2024,0.921,0,2839.86766729738,GLM
POL001622,2024,0.79,0,8940.57081353529,GLM
POL000109,2021,0.985,0,1868.88490175423,GLM
POL002274,2019,0.745,0,3055.4398605832,GLM
POL000661,2020,0.883,0,4704.34438029139,GLM
POL003623,2018,0.972,0,5191.43320263173,GLM
POL001096,2022,0.717,0,806.670167965822,GLM
POL001795,2023,0.871,0,3884.92692929276,GLM
POL003991,2023,0.856,4511.18,2045.57700072373,GLM
POL000960,2022,0.695,0,5855.03233997099,GLM
POL001456,2019,0.978,0,1414.34416105874,GLM
POL002420,2020,0.72,0,2577.97598058547,GLM
POL001733,2023,0.787,0,3454.76715712997,GLM
POL000016,2024,0.714,0,2070.89486745724,GLM
POL000330,2019,0.816,0,7848.51549736618,GLM
POL002516,2020,0.759,0,4433.62330844203,GLM
POL003729,2018,0.714,0,3438.91777582728,GLM
POL000760,2024,0.88,0,5740.1418999459,GLM
POL003470,2022,0.85,0,7916.83595429676,GLM
POL003781,2024,0.723,0,4879.07653148989,GLM
POL002074,2019,0.735,0,2327.83067788553,GLM
POL003975,2018,0.731,0,1696.23240551564,GLM
POL000010,2019,0.896,0,3914.41673811715,GLM
POL002253,2022,0.659,0,3010.51552330315,GLM
POL001019,2021,0.691,0,5312.91512771379,GLM
POL001193,2020,0.799,0,3243.34253814804,GLM
POL001023,2020,0.668,0,2539.01492988409,GLM
POL002898,2023,0.616,0,1371.0333106413,GLM
POL000158,2024,0.713,0,1209.99653732813,GLM
POL001608,2018,0.814,0,3558.0958869752,GLM
POL001731,2018,0.794,0,2624.83725008374,GLM
POL003613,2023,0.659,0,2283.06250373611,GLM
POL002459,2020,0.774,0,1897.24862797119,GLM
POL002476,2023,0.676,0,3284.36854369814,GLM
POL002275,2021,0.662,0,3887.49815832044,GLM
POL003421,2020,0.882,0,2606.953616685,GLM
POL003617,2021,0.953,0,1476.80098631035,GLM
POL002809,2022,0.813,0,12715.8345505874,GLM
POL002300,2022,0.938,0,2579.85490275242,GLM
POL000704,2019,0.769,0,2769.83454386577,GLM
POL000599,2021,0.628,0,3827.54659218104,GLM
POL000115,2020,0.962,0,2356.57402072849,GLM
POL000388,2020,0.813,1404.03,4512.46221581189,GLM
POL001883,2019,0.872,0,6813.66336662154,GLM
POL001314,2020,0.656,0,2810.84322019177,GLM
POL001621,2024,0.734,0,1931.36678880167,GLM
POL003811,2023,0.935,0,4582.45359703538,GLM
POL000935,2021,0.999,0,6369.82797173242,GLM
POL003342,2021,0.742,0,1360.82665574516,GLM
POL000158,2023,0.989,0,1668.22719894684,GLM
POL001301,2021,0.86,0,2463.51375442476,GLM
POL000570,2022,0.892,0,32626.3789651597,GLM
POL003377,2021,0.644,0,2431.29094211744,GLM
POL003050,2023,0.914,0,5779.32016810101,GLM
POL003443,2022,0.8,0,2530.75408750791,GLM
POL001612,2023,0.65,0,3367.08991200932,GLM
POL003050,2022,0.897,262989.81,5776.25896428153,GLM
POL001752,2024,0.824,0,4205.17277415074,GLM
POL003610,2018,0.877,0,14284.2582446477,GLM
POL000458,2019,0.601,0,2825.01794197967,GLM
POL002663,2022,0.89,0,2372.82645814597,GLM
POL001080,2018,0.938,0,6222.27170593483,GLM
POL003861,2018,0.736,0,4179.44331550295,GLM
POL001489,2019,0.677,0,1739.50673079558,GLM
POL002374,2023,0.705,200,2071.22998065066,GLM
POL002517,2024,0.631,9610.06,3075.54242263154,GLM
POL000159,2021,0.708,0,5176.19838246022,GLM
POL002670,2023,0.756,0,2881.87807528513,GLM
POL002740,2019,0.899,0,4951.23028084669,GLM
POL003118,2024,0.929,0,3374.94460884771,GLM
POL003348,2024,0.75,0,2246.54649982537,GLM
POL003141,2023,0.898,0,1398.01245417562,GLM
POL001955,2019,0.868,0,3490.88964143054,GLM
POL000495,2019,0.773,0,7249.93130912023,GLM
POL002595,2020,0.824,0,3587.17145053387,GLM
POL001604,2022,0.717,0,3417.07118037023,GLM
POL000281,2024,0.981,0,3023.58632495391,GLM
POL000967,2023,0.961,0,2463.32801652898,GLM
POL001478,2023,0.754,0,1676.62298035532,GLM
POL002439,2021,0.978,0,6459.21728105903,GLM
POL003287,2022,0.748,0,5162.53816930914,GLM
POL000189,2019,0.844,0,2800.27544000741,GLM
POL001147,2024,0.733,0,6392.11696848573,GLM
POL000838,2021,0.875,0,2830.96078598032,GLM
POL003283,2020,0.847,0,2965.25030380125,GLM
POL001869,2019,0.613,0,5397.95294325405,GLM
POL000126,2021,0.622,0,2329.85589017927,GLM
POL003632,2019,0.926,0,9470.34768087405,GLM
POL001777,2018,0.912,0,2482.31488285375,GLM
POL000768,2023,0.751,0,3708.85679107561,GLM
POL000518,2023,0.969,1820.93,3953.04849538638,GLM
POL002343,2020,0.711,0,2249.75234307867,GLM
POL000674,2021,0.66,0,4480.76131252242,GLM
POL001335,2023,0.691,0,4541.92433516741,GLM
POL000590,2021,0.95,0,8035.26606817372,GLM
POL003820,2024,0.804,0,4803.04759193043,GLM
POL003399,2023,0.799,0,5453.75292412679,GLM
POL003748,2022,0.687,2022.28,2988.80690670246,GLM
POL000810,2020,0.622,0,2118.72571631046,GLM
POL000160,2020,0.97,0,3294.09762676191,GLM
POL001951,2019,0.808,0,2420.84423692821,GLM
POL003545,2020,0.756,0,4690.57795065961,GLM
POL003819,2021,0.709,0,2061.93767973488,GLM
POL002739,2024,0.701,0,737.301358402735,GLM
POL000128,2024,0.875,0,2105.65930460336,GLM
POL001169,2024,0.98,0,4050.17696080453,GLM
POL002210,2019,0.656,0,1692.87847562439,GLM
POL000558,2018,0.957,0,2327.03631906333,GLM
POL002537,2023,0.868,200,2483.96475442701,GLM
POL000066,2024,0.859,0,4291.87810361495,GLM
POL000274,2024,0.719,6263.18,1575.9294043835,GLM
POL001585,2021,0.777,0,2274.61929448306,GLM
POL000720,2018,0.655,200,4506.2279276467,GLM
POL003606,2023,0.957,0,4641.2489555728,GLM
POL000803,2020,0.831,200,8669.42890639786,GLM
POL003162,2023,0.724,0,4276.13192868971,GLM
POL003401,2019,0.897,0,4480.21097695802,GLM
POL000555,2021,0.714,11297.49,6601.75401656049,GLM
POL003486,2023,0.966,0,2930.69714703277,GLM
POL000941,2024,0.75,0,5890.00747430378,GLM
POL003068,2023,0.85,0,1459.65495546341,GLM
POL003639,2021,0.608,0,1895.612134582,GLM
POL003899,2018,0.805,0,2084.84566711087,GLM
POL000271,2020,0.694,0,2046.14483030486,GLM
POL002853,2021,0.976,230,14716.6074770129,GLM
POL001362,2023,0.736,0,1571.0362354049,GLM
POL001556,2018,0.903,0,10217.9848460114,GLM
POL001741,2020,0.774,0,1975.38661133991,GLM
POL002161,2022,0.741,0,2467.24805486381,GLM
POL001704,2023,0.838,0,3469.54875982353,GLM
POL000263,2022,0.757,0,12682.1309881637,GLM
POL001376,2023,0.959,0,2796.13944004892,GLM
POL001960,2023,0.757,0,2779.52551560109,GLM
POL002346,2024,0.742,0,6928.16657990477,GLM
POL003084,2019,0.646,0,2190.20691042513,GLM
POL003906,2024,0.995,0,1810.92549409316,GLM
POL000703,2021,0.715,0,5874.19138853195,GLM
POL002829,2024,0.856,0,4627.20247379107,GLM
POL002227,2018,0.88,0,2175.8204316715,GLM
POL002909,2019,0.669,0,1767.96939545202,GLM
POL003154,2022,0.907,0,3202.28075732734,GLM
POL001386,2020,0.614,0,4143.18722096486,GLM
POL001710,2023,0.739,0,2612.09636529578,GLM
POL002421,2020,0.717,0,6042.64196114827,GLM
POL003644,2018,0.962,0,3086.90085422862,GLM
POL000763,2024,0.834,0,3796.69634321901,GLM
POL001561,2019,0.998,2851.81,4057.72918263907,GLM
POL003230,2022,0.735,0,2204.34524759849,GLM
POL003643,2023,0.707,0,4329.29520569501,GLM
POL003505,2021,0.632,0,9206.71671857509,GLM
POL000387,2020,0.994,0,9854.84115527221,GLM
POL002235,2024,0.929,18530.81,7483.95139398576,GLM
POL002393,2024,0.88,0,15833.6876193536,GLM
POL002333,2024,0.793,0,6389.36615464501,GLM
POL002222,2021,0.673,0,6887.19748676209,GLM
POL001888,2021,0.729,0,2755.30872269373,GLM
POL001432,2023,0.629,0,1694.21455604584,GLM
POL000157,2023,0.611,0,2257.96443922524,GLM
POL001431,2021,0.922,671656.8,9040.86522601857,GLM
POL002872,2023,0.633,0,4353.68021143259,GLM
POL003891,2023,0.836,0,2626.42339316122,GLM
POL001373,2023,0.688,3288.98,2226.0033719332,GLM
POL002906,2022,0.923,0,4416.33272251241,GLM
POL002902,2022,0.981,0,3431.10119173419,GLM
POL002097,2021,0.741,0,4794.72646983453,GLM
POL002252,2024,0.654,0,5447.5743029093,GLM
POL000683,2018,0.862,4621.98,1980.3788479884,GLM
POL003522,2021,0.908,0,8566.64071894257,GLM
POL002929,2020,0.772,0,1149.33765322103,GLM
POL002421,2021,0.686,0,5430.98556030257,GLM
POL001981,2018,0.951,2691.57,7874.97876141411,GLM
POL002555,2023,0.657,0,1873.0904238578,GLM
POL002664,2021,0.803,3166.41,5247.52324355592,GLM
POL002620,2024,0.72,0,2471.54368000886,GLM
POL001364,2024,0.736,0,9400.86366504252,GLM
POL001098,2024,0.998,0,3236.45948882328,GLM
POL001607,2019,0.757,0,2549.13703229256,GLM
POL003303,2024,0.81,0,3554.7241036277,GLM
POL001745,2021,0.918,0,9243.07195357225,GLM
POL003777,2023,0.957,0,7098.53640935791,GLM
POL001876,2024,0.975,0,3822.5418698791,GLM
POL003497,2023,0.833,0,2825.03021302327,GLM
POL001346,2020,0.606,0,2027.00201364593,GLM
POL000721,2023,0.807,0,2416.01852365925,GLM
POL002426,2023,0.721,0,4878.92152650613,GLM
POL000935,2018,0.6,0,3812.13809158111,GLM
POL002405,2023,0.619,0,3123.29755388046,GLM
POL000353,2023,0.814,0,3019.71174383665,GLM
POL000358,2020,0.673,47049.68,1835.20671666148,GLM
POL002144,2020,0.721,0,4447.6325432604,GLM
POL000746,2024,0.995,0,5480.81049316661,GLM
POL000916,2022,0.843,0,6230.48125726027,GLM
POL000002,2020,0.701,0,3390.3640719549,GLM
POL002294,2022,0.847,18404.48,4312.10449466137,GLM
POL003918,2019,0.963,0,7590.90228320859,GLM
POL000970,2019,0.954,0,10185.9406871274,GLM
